{
  "liberal_professions_law": {
    "0": 0.0230951716,
    "1": 0.0147321578,
    "2": null
  },
  "associations_unions": {
    "0": 0.0012326728,
    "1": 0.0000779258,
    "2": 0.0016139804
  },
  "liberal_professions_finance": {
    "0": 0.0465857289,
    "1": 0.009748383,
    "2": 0.0368432769
  },
  "local_commerce_groceries": {
    "0": 0.0267466741,
    "1": 0.4826745585,
    "2": 0.05383645
  },
  "hospitality_lodging": {
    "0": 0.0480277235,
    "1": 0.0137729742,
    "2": 0.0486791333
  },
  "raw_material_production": {
    "0": 0.0149944181,
    "1": 0.0116123545,
    "2": 0.0084947314
  },
  "livestock": {
    "0": 0.0103474742,
    "1": 0.0030540766,
    "2": 0.0012243989
  },
  "transport_professions": {
    "0": 0.0713415201,
    "1": 0.023558372,
    "2": 0.0097951915
  },
  "sharpening_service": {
    "0": 0.0008140292,
    "1": 0.0007243591,
    "2": 0.0027827248
  },
  "raw_material_sales": {
    "0": 0.0017513257,
    "1": 0.0039569925,
    "2": 0.0026472989
  },
  "fine_articles": {
    "0": 0.0149771407,
    "1": 0.011040736,
    "2": 0.0327871242
  },
  "bathing_establishments": {
    "0": 0.0002790957,
    "1": 0.0000389629,
    "2": 0.0006121995
  },
  "luxury_items": {
    "0": 0.003497003,
    "1": 0.0056117337,
    "2": 0.0182658059
  },
  "garment_supplies": {
    "0": 0.0658549633,
    "1": 0.0332719667,
    "2": 0.1629990353
  },
  "book_art_supply": {
    "0": 0.0092706298,
    "1": 0.0053550059,
    "2": 0.0222628588
  },
  "science_articles": {
    "0": 0.0003488697,
    "1": 0.0002728796,
    "2": 0.0044152568
  },
  "containers": {
    "0": 0.0000697739,
    "1": 0.0008016422,
    "2": 0.000222618
  },
  "laundry": {
    "0": 0.0099776723,
    "1": 0.001548776,
    "2": 0.0052315227
  },
  "raw_material_building": {
    "0": 0.0141165956,
    "1": 0.0141681364,
    "2": 0.0039005852
  },
  "fabric_supply": {
    "0": 0.0135245139,
    "1": 0.0240902159,
    "2": 0.0731355744
  },
  "lighting": {
    "0": 0.0009419481,
    "1": 0.0009069414,
    "2": 0.0010852627
  },
  "construction_sites": {
    "0": 0.0162247651,
    "1": 0.015796243,
    "2": 0.0018236123
  },
  "liberal_professions_construction": {
    "0": 0.0325322621,
    "1": 0.0436269885,
    "2": 0.0148162872
  },
  "entertainment_articles": {
    "0": 0.0009559029,
    "1": 0.0065956369,
    "2": 0.0018458741
  },
  "processing_articles": {
    "0": 0.0005349335,
    "1": 0.000409876,
    "2": 0.0028291036
  },
  "antiquarians": {
    "0": 0.0003488697,
    "1": 0.0001150798,
    "2": 0.0010203324
  },
  "non_prestigious_garment": {
    "0": 0.0003721276,
    "1": 0.0001535656,
    "2": 0.000148412
  },
  "raw_material_agriculture": {
    "0": 0.0077076937,
    "1": 0.009422327,
    "2": 0.0031537548
  },
  "household_items": {
    "0": 0.0221788073,
    "1": 0.0108691931,
    "2": 0.0122951384
  },
  "products_boats_home": {
    "0": 0.000046516,
    "1": 0.001589528,
    "2": 0.000556545
  },
  "liberal_professions_art": {
    "0": 0.0266828808,
    "1": 0.0162007914,
    "2": 0.0543150787
  },
  "personal_care": {
    "0": 0.0054191088,
    "1": 0.003133871,
    "2": 0.0243210151
  },
  "medical_products": {
    "0": 0.0094659968,
    "1": 0.0085058834,
    "2": 0.0377337489
  },
  "agricultural_products": {
    "0": 0.0159526468,
    "1": 0.0037319916,
    "2": 0.0021705254
  },
  "liberal_professions_engraving": {
    "0": 0.0018141222,
    "1": 0.0012030497,
    "2": 0.0080977293
  },
  "local_commerce_groceries_soap": {
    "0": 0.0006977393,
    "1": 0.0012196785,
    "2": 0.0002411695
  },
  "postal_delivery": {
    "0": 0.0080240022,
    "1": 0.0000473121,
    "2": 0.000333927
  },
  "children_entertainment": {
    "0": 0.0004419016,
    "1": 0.0003120413,
    "2": 0.0007606115
  },
  "tooling": {
    "0": 0.0018955252,
    "1": 0.0071425556,
    "2": 0.0018458741
  },
  "liberal_professions_retail": {
    "0": 0.013064006,
    "1": 0.0099486842,
    "2": 0.027512933
  },
  "food_processing": {
    "0": 0.0023955717,
    "1": 0.0021021886,
    "2": 0.0043781538
  },
  "recreational_leisure": {
    "0": 0.0002674667,
    "1": 0.0005656183,
    "2": 0.0004266845
  },
  "craft_processing": {
    "0": 0.0027690283,
    "1": 0.0055188555,
    "2": 0.0094742505
  },
  "construction_products": {
    "0": 0.0193961565,
    "1": 0.0184359476,
    "2": 0.0045406119
  },
  "education_professions": {
    "0": 0.0381430831,
    "1": 0.0026103764,
    "2": 0.009071683
  },
  "widow": {
    "0": 0.1310587031,
    "1": 0.0384200815,
    "2": 0.0
  },
  "other": {
    "0": 0.1963438459,
    "1": 0.1039092331,
    "2": 0.0865056397
  },
  "alcool_producer_seller": {
    "0": 0.0126290818,
    "1": 0.0266511729,
    "2": 0.0648745919
  }
}