{
  "liberal_professions_law": {
    "0": 0.0230951716,
    "1": 0.0165314097,
    "2": 0.0281533575,
    "3": 0.0158370158
  },
  "associations_unions": {
    "0": 0.0012326728,
    "1": 0.0003005711,
    "2": 0.0014065336,
    "3": 0.0057065933
  },
  "liberal_professions_finance": {
    "0": 0.0465857289,
    "1": 0.020488929,
    "2": 0.0124243799,
    "3": 0.0247675905
  },
  "local_commerce_groceries": {
    "0": 0.0267466741,
    "1": 0.0268176201,
    "2": 0.0231359649,
    "3": 0.0255660258
  },
  "hospitality_lodging": {
    "0": 0.0480277235,
    "1": 0.0611662158,
    "2": 0.0282667877,
    "3": 0.0314252826
  },
  "raw_material_production": {
    "0": 0.0149944181,
    "1": 0.005041245,
    "2": 0.0042653509,
    "3": 0.0037151386
  },
  "livestock": {
    "0": 0.0103474742,
    "1": 0.003565107,
    "2": 0.0034785239,
    "3": 0.003983885
  },
  "transport_professions": {
    "0": 0.0713415201,
    "1": 0.0236950205,
    "2": 0.0445780399,
    "3": 0.0378400788
  },
  "sharpening_service": {
    "0": 0.0008140292,
    "1": 0.0010019036,
    "2": 0.0027828191,
    "3": 0.0010242603
  },
  "raw_material_sales": {
    "0": 0.0017513257,
    "1": 0.0003823932,
    "2": 0.0006968391,
    "3": 0.0007316145
  },
  "fine_articles": {
    "0": 0.0149771407,
    "1": 0.0021741308,
    "2": 0.0042596794,
    "3": 0.0097660784
  },
  "bathing_establishments": {
    "0": 0.0002790957,
    "1": 0.0000500952,
    "2": 0.0,
    "3": 0.0000097549
  },
  "luxury_items": {
    "0": 0.003497003,
    "1": 0.0028888221,
    "2": 0.0135700242,
    "3": 0.004642338
  },
  "garment_supplies": {
    "0": 0.0658549633,
    "1": 0.0445680126,
    "2": 0.0292184664,
    "3": 0.0170485694
  },
  "book_art_supply": {
    "0": 0.0092706298,
    "1": 0.0066493003,
    "2": 0.0057985481,
    "3": 0.003960961
  },
  "science_articles": {
    "0": 0.0003488697,
    "1": 0.000551047,
    "2": 0.0005709316,
    "3": 0.0017875782
  },
  "containers": {
    "0": 0.0000697739,
    "1": 0.0,
    "2": 0.0,
    "3": 0.0001170583
  },
  "laundry": {
    "0": 0.0099776723,
    "1": 0.0110209398,
    "2": 0.0045372051,
    "3": 0.0039068216
  },
  "raw_material_building": {
    "0": 0.0141165956,
    "1": 0.0138579969,
    "2": 0.002274274,
    "3": 0.0108615493
  },
  "fabric_supply": {
    "0": 0.0135245139,
    "1": 0.0125404936,
    "2": 0.0051788415,
    "3": 0.007978988
  },
  "lighting": {
    "0": 0.0009419481,
    "1": 0.0008766657,
    "2": 0.0024349667,
    "3": 0.0027459932
  },
  "construction_sites": {
    "0": 0.0162247651,
    "1": 0.0207343954,
    "2": 0.0027283727,
    "3": 0.0187737165
  },
  "liberal_professions_construction": {
    "0": 0.0325322621,
    "1": 0.0688174198,
    "2": 0.0075325166,
    "3": 0.0397027694
  },
  "entertainment_articles": {
    "0": 0.0009559029,
    "1": 0.0010302909,
    "2": 0.0033968542,
    "3": 0.002376284
  },
  "processing_articles": {
    "0": 0.0005349335,
    "1": 0.0004842534,
    "2": 0.0036864791,
    "3": 0.001639792
  },
  "antiquarians": {
    "0": 0.0003488697,
    "1": 0.0001502855,
    "2": 0.0001172111,
    "3": 0.0003877557
  },
  "non_prestigious_garment": {
    "0": 0.0003721276,
    "1": 0.0002504759,
    "2": 0.0001890502,
    "3": 0.0000585292
  },
  "raw_material_agriculture": {
    "0": 0.0077076937,
    "1": 0.0108873526,
    "2": 0.0047202057,
    "3": 0.0072371309
  },
  "household_items": {
    "0": 0.0221788073,
    "1": 0.0401846842,
    "2": 0.0035367514,
    "3": 0.0100289719
  },
  "products_boats_home": {
    "0": 0.000046516,
    "1": 0.0004759042,
    "2": 0.0000718391,
    "3": 0.0002204598
  },
  "liberal_professions_art": {
    "0": 0.0266828808,
    "1": 0.0220869652,
    "2": 0.0259361766,
    "3": 0.0326968287
  },
  "personal_care": {
    "0": 0.0054191088,
    "1": 0.007764753,
    "2": 0.0042196007,
    "3": 0.0100962805
  },
  "medical_products": {
    "0": 0.0094659968,
    "1": 0.0098186554,
    "2": 0.0072292801,
    "3": 0.0200511155
  },
  "agricultural_products": {
    "0": 0.0159526468,
    "1": 0.009334402,
    "2": 0.0021302178,
    "3": 0.0056544048
  },
  "liberal_professions_engraving": {
    "0": 0.0018141222,
    "1": 0.0022375847,
    "2": 0.0013800665,
    "3": 0.0031391141
  },
  "local_commerce_groceries_soap": {
    "0": 0.0006977393,
    "1": 0.0003506663,
    "2": 0.0003251664,
    "3": 0.0004779882
  },
  "postal_delivery": {
    "0": 0.0080240022,
    "1": 0.0113215109,
    "2": 0.0339246824,
    "3": 0.0126227893
  },
  "children_entertainment": {
    "0": 0.0004419016,
    "1": 0.0002003807,
    "2": 0.0000983061,
    "3": 0.000317033
  },
  "tooling": {
    "0": 0.0018955252,
    "1": 0.0047423438,
    "2": 0.0043092105,
    "3": 0.0070244749
  },
  "liberal_professions_retail": {
    "0": 0.013064006,
    "1": 0.0148615703,
    "2": 0.005327435,
    "3": 0.0376084009
  },
  "food_processing": {
    "0": 0.0023955717,
    "1": 0.0108038607,
    "2": 0.0042649728,
    "3": 0.0026996576
  },
  "recreational_leisure": {
    "0": 0.0002674667,
    "1": 0.0001669839,
    "2": 0.0012832728,
    "3": 0.0023811614
  },
  "craft_processing": {
    "0": 0.0027690283,
    "1": 0.0037270815,
    "2": 0.0041844374,
    "3": 0.003002546
  },
  "construction_products": {
    "0": 0.0193961565,
    "1": 0.0202200848,
    "2": 0.0052907592,
    "3": 0.019055632
  },
  "education_professions": {
    "0": 0.0381430831,
    "1": 0.0381641786,
    "2": 0.0135208711,
    "3": 0.0279379201
  },
  "widow": {
    "0": 0.1310587031,
    "1": 0.0034565675,
    "2": 0.0004537205,
    "3": 0.0115887741
  },
  "other": {
    "0": 0.1963438459,
    "1": 0.3152990682,
    "2": 0.491084392,
    "3": 0.301673934
  },
  "alcool_producer_seller": {
    "0": 0.0126290818,
    "1": 0.0418962696,
    "2": 0.0938142771,
    "3": 0.0700530664
  }
}